Title,Price,Date
Meta Quest 3 512GB — The Most Powerful Quest — Ultimate Mixed Reality Experiences — Get Batman: Arkham Shadow - White,649.99,2024.9.22
Meta Quest 3 512GB — The Most Powerful Quest — Ultimate Mixed Reality Experiences — Get Batman: Arkham Shadow - White,649.99,2024.9.23
Meta Quest 3 512GB — The Most Powerful Quest — Ultimate Mixed Reality Experiences — Get Batman: Arkham Shadow - White,649.99,2024.9.24
Meta Quest 3 512GB — The Most Powerful Quest — Ultimate Mixed Reality Experiences — Get Batman: Arkham Shadow - White,499.99,2024.9.25
Meta Quest 3 512GB — The Most Powerful Quest — Ultimate Mixed Reality Experiences — Get Batman: Arkham Shadow - White,499.99,2024.9.26
Meta Quest 3 512GB — The Most Powerful Quest — Ultimate Mixed Reality Experiences — Get Batman: Arkham Shadow - White,499.99,2024.9.27
Meta Quest 3 512GB — The Most Powerful Quest — Ultimate Mixed Reality Experiences — Get Batman: Arkham Shadow - White,499.99,2024.9.28
Meta Quest 3 512GB — The Most Powerful Quest — Ultimate Mixed Reality Experiences — Get Batman: Arkham Shadow - White,499.99,2024.9.29
Meta Quest 3 512GB — The Most Powerful Quest — Ultimate Mixed Reality Experiences — Get Batman: Arkham Shadow - White,499.99,2024.9.30
Meta Quest 3 512GB — The Most Powerful Quest — Ultimate Mixed Reality Experiences — Get Batman: Arkham Shadow - White,499.99,2024.10.1
Meta Quest 3 512GB — The Most Powerful Quest — Ultimate Mixed Reality Experiences — Get Batman: Arkham Shadow - White,499.99,2024.10.2
,,
